<XMLOptions Name="Download Plus" Version=""><Options><AgentName></AgentName><ShowLoadingForm>0</ShowLoadingForm><AutoCloseLoadingForm>0</AutoCloseLoadingForm><HookClipboard>0</HookClipboard><MinToTray>0</MinToTray><AlwaysInTray>0</AlwaysInTray><MinOnRun>0</MinOnRun><RunWithWindows>0</RunWithWindows><UseProxyLocal>0</UseProxyLocal><Redirect>0</Redirect><ThreadPriority>0</ThreadPriority><HotKey></HotKey><HTTPVersion>0</HTTPVersion><ResumeLoad>0</ResumeLoad></Options><MainForm><MainWindowTop>-4</MainWindowTop><MainWindowLeft>-4</MainWindowLeft><MainWindowHeight>968</MainWindowHeight><MainWindowWidth>1288</MainWindowWidth><CategoryPanelWidth>177</CategoryPanelWidth><TasksPanelHeight>260</TasksPanelHeight><ParamsVisible>-1</ParamsVisible><StatusBarVisible>-1</StatusBarVisible><TasksColumn1Width>796</TasksColumn1Width><TasksColumn2Width>80</TasksColumn2Width><TasksColumn3Width>80</TasksColumn3Width><TasksColumn4Width>40</TasksColumn4Width><TasksColumn5Width>80</TasksColumn5Width><ParamsColumn1Width>230</ParamsColumn1Width><ParamsColumn2Width>896</ParamsColumn2Width><SelectedTreeItem>3</SelectedTreeItem></MainForm><Proxy><HTTPProxy><Host></Host><Port>0</Port><User></User><Password></Password><UseProxy>0</UseProxy></HTTPProxy><FTPProxy><Host></Host><Port>0</Port><User></User><Password></Password><UseProxy>0</UseProxy></FTPProxy></Proxy><Url><Url>http://delphisources.ru/files/sources/database/sql_zapros.zip</Url></Url><Directory><Directory>C:\tmp</Directory></Directory><Tasks><Task><LinkToFile>http://delphisources.ru/files/sources/database/sql_zapros.zip</LinkToFile><FileName>sql_zapros.zip</FileName><Directory>C:\tmp</Directory><TotalSize>0</TotalSize><LoadSize>0</LoadSize><StartPosition>0</StartPosition><EndPosition>0</EndPosition><Login></Login><Password></Password><Port>80</Port><LastModified>30.12.1899</LastModified><TimeBegin>30.12.1899</TimeBegin><TimeEnd>30.12.1899</TimeEnd><TimeTotal>30.12.1899</TimeTotal><ScheduleOn>0</ScheduleOn><Speed>0</Speed><Status>6</Status><Protocol>0</Protocol><UseSpecial>0</UseSpecial><ErrorText></ErrorText><Category></Category><Description></Description></Task><Task><LinkToFile>http://delphisources.ru/files/sources/database/sql_zapros.zip</LinkToFile><FileName>sql_zapros.zip</FileName><Directory>C:\tmp</Directory><TotalSize>15900</TotalSize><LoadSize>15900</LoadSize><StartPosition>0</StartPosition><EndPosition>0</EndPosition><Login></Login><Password></Password><Port>80</Port><LastModified>26.04.2005 11:49:22</LastModified><TimeBegin>02.06.2005 15:28:21</TimeBegin><TimeEnd>02.06.2005 15:28:21</TimeEnd><TimeTotal>30.12.1899</TimeTotal><ScheduleOn>0</ScheduleOn><Speed>0</Speed><Status>2</Status><Protocol>0</Protocol><UseSpecial>0</UseSpecial><ErrorText>Ошибок нет</ErrorText><Category>Zip</Category><Description>Zip</Description></Task></Tasks></XMLOptions>
