queueId	timestamp	new_t
1	1577234966837	id_1
1	1577235019833	id_2
1	1577240557056	id_3
1	1577240608128	id_4
1	1577242753750	id_5
1	1577245060209	id_6
1	1577246994554	id_7
1	1577247143096	id_8
1	1577247598728	id_9
1	1577250826657	id_10
1	1577250984385	id_11
1	1577252041558	id_12
1	1577253524368	id_13
1	1577255257384	id_14
1	1577255443933	id_15
1	1577256865236	id_16
1	1577257214149	id_17
1	1577257215152	id_18
1	1577257319035	id_19
1	1577257817475	id_20
1	1577257818757	id_21
1	1577258063691	id_22
1	1577259004611	id_23
1	1577260251453	id_24
1	1577260805466	id_25
1	1577262247015	id_26
1	1577262522223	id_27
1	1577263217334	id_28
1	1577264336406	id_29
1	1577264995141	id_30
1	1577265303731	id_31
1	1577265730446	id_32
1	1577266527221	id_33
1	1577266628910	id_34
1	1577267040413	id_35
1	1577268213097	id_36
1	1577269264791	id_37
1	1577269780118	id_38
1	1577270120169	id_39
1	1577271911602	id_40
1	1577271911765	id_41
1	1577272275203	id_42
1	1577272419313	id_43
1	1577273170747	id_44
1	1577274502177	id_45
1	1577274534875	id_46
1	1577274608241	id_47
1	1577274704515	id_48
1	1577275302165	id_49
1	1577275304622	id_50
1	1577275652872	id_51
1	1577276571755	id_52
1	1577276904086	id_53
1	1577276936936	id_54
1	1577277275665	id_55
1	1577277602269	id_56
1	1577277686609	id_57
1	1577278226574	id_58
1	1577278453102	id_59
1	1577279086989	id_60
1	1577279088773	id_61
1	1577279449692	id_62
1	1577279549522	id_63
1	1577280309517	id_64
1	1577280310825	id_65
1	1577280609073	id_66
1	1577280675962	id_67
1	1577280696421	id_68
1	1577281263239	id_69
1	1577281296428	id_70
1	1577281963833	id_71
1	1577282500517	id_72
1	1577282665869	id_73
1	1577283061911	id_74
1	1577283113636	id_75
1	1577283132992	id_76
1	1577283245319	id_77
1	1577283275111	id_78
1	1577283337395	id_79
1	1577285690770	id_80
1	1577285690853	id_81
1	1577287979315	id_82
1	1577288348623	id_83
1	1577289032659	id_84
1	1577289254918	id_85
1	1577289646763	id_86
1	1577290321672	id_87
1	1577290506647	id_88
1	1577290893209	id_89
1	1577291462342	id_90
1	1577291965603	id_91
1	1577292506083	id_92
1	1577293744389	id_93
1	1577299262525	id_94
1	1577299523724	id_95
1	1577301026678	id_96
1	1577304059243	id_97
1	1577304167705	id_98
1	1577306394732	id_99
1	1577310087915	id_100
1	1577310320623	id_101
1	1577313119622	id_102
1	1577313608338	id_103
1	1577325728721	id_104
1	1577326139818	id_105
1	1577331647950	id_106
1	1577332297671	id_107
1	1577332300494	id_108
1	1577333346985	id_109
1	1577336425374	id_110
1	1577336503268	id_111
1	1577337147602	id_112
1	1577338250500	id_113
1	1577338257447	id_114
1	1577340233998	id_115
1	1577341906545	id_116
1	1577342873598	id_117
1	1577343021174	id_118
1	1577343080646	id_119
1	1577344901232	id_120
1	1577347271021	id_121
1	1577347390232	id_122
1	1577347885580	id_123
1	1577348456894	id_124
1	1577348482153	id_125
1	1577349105179	id_126
1	1577349159097	id_127
1	1577349429581	id_128
1	1577349715925	id_129
1	1577351357959	id_130
1	1577351598083	id_131
1	1577352168383	id_132
1	1577352262878	id_133
1	1577352698287	id_134
1	1577352854755	id_135
1	1577353982131	id_136
1	1577354222011	id_137
1	1577355040803	id_138
1	1577355117086	id_139
1	1577355443747	id_140
1	1577355450599	id_141
1	1577355700160	id_142
1	1577355722708	id_143
1	1577356391166	id_144
1	1577356391997	id_145
1	1577358321480	id_146
1	1577359273883	id_147
1	1577359926683	id_148
1	1577360681045	id_149
1	1577361421636	id_150
1	1577361422265	id_151
1	1577361964968	id_152
1	1577362450689	id_153
1	1577362669788	id_154
1	1577364123360	id_155
1	1577364363121	id_156
1	1577364367934	id_157
1	1577364840442	id_158
1	1577365076815	id_159
1	1577365248730	id_160
1	1577365556760	id_161
1	1577365668110	id_162
1	1577365924231	id_163
1	1577366508714	id_164
1	1577366837270	id_165
1	1577366859618	id_166
1	1577367528072	id_167
1	1577368118880	id_168
1	1577368343827	id_169
1	1577368562926	id_170
1	1577369182261	id_171
1	1577370731066	id_172
1	1577372494432	id_173
1	1577372542856	id_174
1	1577374383924	id_175
1	1577375365068	id_176
1	1577375365714	id_177
1	1577376712534	id_178
1	1577377214244	id_179
1	1577377328811	id_180
1	1577377548698	id_181
1	1577377728737	id_182
1	1577378217794	id_183
1	1577378258632	id_184
1	1577378676217	id_185
1	1577378676920	id_186
1	1577379298136	id_187
1	1577379719831	id_188
1	1577380048722	id_189
1	1577380629743	id_190
1	1577380707307	id_191
1	1577381191763	id_192
1	1577382307669	id_193
1	1577383100724	id_194
1	1577385996913	id_195
1	1577387208791	id_196
1	1577389864123	id_197
1	1577392309641	id_198
1	1577393025477	id_199
1	1577394599773	id_200
1	1577397244491	id_201
1	1577398696727	id_202
1	1577401642056	id_203
1	1577403417567	id_204
1	1577404922877	id_205
1	1577407907307	id_206
1	1577416885169	id_207
1	1577423256027	id_208
1	1577424736601	id_209
1	1577425419313	id_210
1	1577425677619	id_211
1	1577425826338	id_212
1	1577426390429	id_213
1	1577428951036	id_214
1	1577429403768	id_215
1	1577429628340	id_216
1	1577429910745	id_217
1	1577429958082	id_218
1	1577430496006	id_219
1	1577431444126	id_220
1	1577431944496	id_221
1	1577433166112	id_222
1	1577433384872	id_223
1	1577434294739	id_224
1	1577434950860	id_225
1	1577435133290	id_226
1	1577435228157	id_227
1	1577435249825	id_228
1	1577436557676	id_229
1	1577436774823	id_230
1	1577436817337	id_231
1	1577438005758	id_232
1	1577438711491	id_233
1	1577439679511	id_234
1	1577440619710	id_235
1	1577440964831	id_236
1	1577441350177	id_237
1	1577442167299	id_238
1	1577442431996	id_239
1	1577443751398	id_240
1	1577444847642	id_241
1	1577445813890	id_242
1	1577446831547	id_243
1	1577448217716	id_244
1	1577449169874	id_245
1	1577449451705	id_246
1	1577450047155	id_247
1	1577450052188	id_248
1	1577450171178	id_249
1	1577451063435	id_250
1	1577452266390	id_251
1	1577452662090	id_252
1	1577454762387	id_253
1	1577455163694	id_254
1	1577455446382	id_255
1	1577455550849	id_256
1	1577455985496	id_257
1	1577457051212	id_258
1	1577457161896	id_259
1	1577458607050	id_260
1	1577459214633	id_261
1	1577459593466	id_262
1	1577469233890	id_263
1	1577470450005	id_264
1	1577470987378	id_265
1	1577471471903	id_266
1	1577472269312	id_267
1	1577476667209	id_268
1	1577477598671	id_269
1	1577478163833	id_270
1	1577478787635	id_271
1	1577479431743	id_272
1	1577481529217	id_273
1	1577488012294	id_274
1	1577496769025	id_275
1	1577501634064	id_276
1	1577505139097	id_277
1	1577507588424	id_278
1	1577508928869	id_279
1	1577514406493	id_280
1	1577516490055	id_281
1	1577516550718	id_282
1	1577520537331	id_283
1	1577522756243	id_284
1	1577523263873	id_285
1	1577524698543	id_286
1	1577524970596	id_287
1	1577525880986	id_288
1	1577526131807	id_289
1	1577526546321	id_290
1	1577526548568	id_291
1	1577526611839	id_292
1	1577527611786	id_293
1	1577528645828	id_294
1	1577529185903	id_295
1	1577529234239	id_296
1	1577529833271	id_297
1	1577532120161	id_298
1	1577532273888	id_299
1	1577533264486	id_300
1	1577533540604	id_301
1	1577534452754	id_302
1	1577534502830	id_303
1	1577535595834	id_304
1	1577535927698	id_305
1	1577539543086	id_306
1	1577539997024	id_307
1	1577539999299	id_308
1	1577541263123	id_309
1	1577544805648	id_310
1	1577544806230	id_311
1	1577547141958	id_312
1	1577547323322	id_313
1	1577547527196	id_314
1	1577547548874	id_315
1	1577550227820	id_316
1	1577550231231	id_317
1	1577551266052	id_318
1	1577551314529	id_319
1	1577551645208	id_320
1	1577552238610	id_321
1	1577552617400	id_322
1	1577553956341	id_323
1	1577556816201	id_324
1	1577557153314	id_325
1	1577557525511	id_326
1	1577560326414	id_327
1	1577561772556	id_328
1	1577565298014	id_329
1	1577571025632	id_330
1	1577579769723	id_331
1	1577585786256	id_332
1	1577601433654	id_333
1	1577603656317	id_334
1	1577607070466	id_335
1	1577607987047	id_336
1	1577610698098	id_337
1	1577610866214	id_338
1	1577611295192	id_339
1	1577612180910	id_340
1	1577615713563	id_341
1	1577617217265	id_342
1	1577618180423	id_343
1	1577620114041	id_344
1	1577625297948	id_345
1	1577625672372	id_346
1	1577627052719	id_347
1	1577627475888	id_348
1	1577627610542	id_349
1	1577628142531	id_350
1	1577628528322	id_351
1	1577631071219	id_352
1	1577632382665	id_353
1	1577633727868	id_354
1	1577638640965	id_355
1	1577639436299	id_356
1	1577644457559	id_357
1	1577644457753	id_358
1	1577644463395	id_359
1	1577646303577	id_360
1	1577646725700	id_361
1	1577647499457	id_362
1	1577650401767	id_363
1	1577650841908	id_364
1	1577652427206	id_365
1	1577653223406	id_366
1	1577664341174	id_367
1	1577668044934	id_368
1	1577684713090	id_369
1	1577684756202	id_370
1	1577684867920	id_371
1	1577684985514	id_372
1	1577685312467	id_373
1	1577685435383	id_374
1	1577685601199	id_375
1	1577685612144	id_376
1	1577687914652	id_377
1	1577689236238	id_378
1	1577689236278	id_379
1	1577692811653	id_380
1	1577692851506	id_381
1	1577692855430	id_382
1	1577692855670	id_383
1	1577693168665	id_384
1	1577693651635	id_385
1	1577693779969	id_386
1	1577694317970	id_387
1	1577694698465	id_388
1	1577694983600	id_389
1	1577695220585	id_390
1	1577695274057	id_391
1	1577695869485	id_392
1	1577696105767	id_393
1	1577697765084	id_394
1	1577697979364	id_395
1	1577698082593	id_396
1	1577698454053	id_397
1	1577698584376	id_398
1	1577699208851	id_399
1	1577699379383	id_400
1	1577699392929	id_401
1	1577699865961	id_402
1	1577700906123	id_403
1	1577700908655	id_404
1	1577701451638	id_405
1	1577703842261	id_406
1	1577703946543	id_407
1	1577704529780	id_408
1	1577704545410	id_409
1	1577706340838	id_410
1	1577707954066	id_411
1	1577708167966	id_412
1	1577708582557	id_413
1	1577709783758	id_414
1	1577710809462	id_415
1	1577711031644	id_416
1	1577711061040	id_417
1	1577714909911	id_418
1	1577715729167	id_419
1	1577716053520	id_420
1	1577716269041	id_421
1	1577716776302	id_422
1	1577717181620	id_423
1	1577717182809	id_424
1	1577717729707	id_425
1	1577720169677	id_426
1	1577720542258	id_427
1	1577722594197	id_428
1	1577729647690	id_429
1	1577732119912	id_430
1	1577737608019	id_431
1	1577737736925	id_432
1	1577760374602	id_433
1	1577763954449	id_434
1	1577766384336	id_435
1	1577775618268	id_436
1	1577779169020	id_437
1	1577783207082	id_438
1	1577783833456	id_439
1	1577784449810	id_440
1	1577789331002	id_441
1	1577791020562	id_442
1	1577791117628	id_443
1	1577791601231	id_444
1	1577796828008	id_445
1	1577798079426	id_446
1	1577802787855	id_447
1	1577805339338	id_448
1	1577807998930	id_449
1	1577808316321	id_450
1	1577819152095	id_451
1	1577826041330	id_452
1	1577831239956	id_453
1	1577835410622	id_454
10	1577255215310	id_1
10	1577256449546	id_2
10	1577259498300	id_3
10	1577259499627	id_4
10	1577260333424	id_5
10	1577260904622	id_6
10	1577261473291	id_7
10	1577264751839	id_8
10	1577265426556	id_9
10	1577265528976	id_10
10	1577266390931	id_11
10	1577266689656	id_12
10	1577268224652	id_13
10	1577268655771	id_14
10	1577268656765	id_15
10	1577268658014	id_16
10	1577268733418	id_17
10	1577270843590	id_18
10	1577271878372	id_19
10	1577272121666	id_20
10	1577274191546	id_21
10	1577274719535	id_22
10	1577275828864	id_23
10	1577277488513	id_24
10	1577278081500	id_25
10	1577279321373	id_26
10	1577279623934	id_27
10	1577279886117	id_28
10	1577281083285	id_29
10	1577281084215	id_30
10	1577281086281	id_31
10	1577281687002	id_32
10	1577287047853	id_33
10	1577290164316	id_34
10	1577290167039	id_35
10	1577290742320	id_36
10	1577291329445	id_37
10	1577291897746	id_38
10	1577292524295	id_39
10	1577295671919	id_40
10	1577295912736	id_41
10	1577296220860	id_42
10	1577301702188	id_43
10	1577306841017	id_44
10	1577310328682	id_45
10	1577341102009	id_46
10	1577342281420	id_47
10	1577344083816	id_48
10	1577344122091	id_49
10	1577347757656	id_50
10	1577349231538	id_51
10	1577360304478	id_52
10	1577360375229	id_53
10	1577361716018	id_54
10	1577362269503	id_55
10	1577362271287	id_56
10	1577364616753	id_57
10	1577366547660	id_58
10	1577366810803	id_59
10	1577366914658	id_60
10	1577367617329	id_61
10	1577368174342	id_62
10	1577368469371	id_63
10	1577369324407	id_64
10	1577372961020	id_65
10	1577378446527	id_66
10	1577379080420	id_67
10	1577380107883	id_68
10	1577381959428	id_69
10	1577387387158	id_70
10	1577399681951	id_71
10	1577400563135	id_72
10	1577409257195	id_73
10	1577428047860	id_74
10	1577429992665	id_75
10	1577433731144	id_76
10	1577438589858	id_77
10	1577439676232	id_78
10	1577440795282	id_79
10	1577441106965	id_80
10	1577441455175	id_81
10	1577442065598	id_82
10	1577442293346	id_83
10	1577442395587	id_84
10	1577442691261	id_85
10	1577443466471	id_86
10	1577444032767	id_87
10	1577445362463	id_88
10	1577445798843	id_89
10	1577448086379	id_90
10	1577451094180	id_91
10	1577452459015	id_92
10	1577453848474	id_93
10	1577454012318	id_94
10	1577456319970	id_95
10	1577457063424	id_96
10	1577457065277	id_97
10	1577457842999	id_98
10	1577457843813	id_99
10	1577460413505	id_100
10	1577476396790	id_101
10	1577478723013	id_102
10	1577507366298	id_103
10	1577513722214	id_104
10	1577513723393	id_105
10	1577515104116	id_106
10	1577515346044	id_107
10	1577516905482	id_108
10	1577516907852	id_109
10	1577517745447	id_110
10	1577519454263	id_111
10	1577519688639	id_112
10	1577519690074	id_113
10	1577520085138	id_114
10	1577520085233	id_115
10	1577520085991	id_116
10	1577520086059	id_117
10	1577520086291	id_118
10	1577520913616	id_119
10	1577520914354	id_120
10	1577520914631	id_121
10	1577520915006	id_122
10	1577520915347	id_123
10	1577520915584	id_124
10	1577520915992	id_125
10	1577520916426	id_126
10	1577521234214	id_127
10	1577521234298	id_128
10	1577521234654	id_129
10	1577521235448	id_130
10	1577521235701	id_131
10	1577521730693	id_132
10	1577521995467	id_133
10	1577522248369	id_134
10	1577522248981	id_135
10	1577523097374	id_136
10	1577523705148	id_137
10	1577523705442	id_138
10	1577523706950	id_139
10	1577524840904	id_140
10	1577525714100	id_141
10	1577525957175	id_142
10	1577525957513	id_143
10	1577526185437	id_144
10	1577526185724	id_145
10	1577526186810	id_146
10	1577526186998	id_147
10	1577526439030	id_148
10	1577526441441	id_149
10	1577526441662	id_150
10	1577526441704	id_151
10	1577526441873	id_152
10	1577526688833	id_153
10	1577527202131	id_154
10	1577527205202	id_155
10	1577527205850	id_156
10	1577527478374	id_157
10	1577527479147	id_158
10	1577527479500	id_159
10	1577527590760	id_160
10	1577532063282	id_161
10	1577534466785	id_162
10	1577540449372	id_163
10	1577548877795	id_164
10	1577548890084	id_165
10	1577553713264	id_166
10	1577554224193	id_167
10	1577554799919	id_168
10	1577556694039	id_169
10	1577556936114	id_170
10	1577558239355	id_171
10	1577563392647	id_172
10	1577574881592	id_173
10	1577581237332	id_174
10	1577581240557	id_175
10	1577598718797	id_176
10	1577608901686	id_177
10	1577610151144	id_178
10	1577619335275	id_179
10	1577624191115	id_180
10	1577625167212	id_181
10	1577630912619	id_182
10	1577632313648	id_183
10	1577637145612	id_184
10	1577640253046	id_185
10	1577647954814	id_186
10	1577647956832	id_187
10	1577647957035	id_188
10	1577653298584	id_189
10	1577661702672	id_190
10	1577689724004	id_191
10	1577691251864	id_192
10	1577691472398	id_193
10	1577691472537	id_194
10	1577691474385	id_195
10	1577694240381	id_196
10	1577695326051	id_197
10	1577698158548	id_198
10	1577699375172	id_199
10	1577699375673	id_200
10	1577702954032	id_201
10	1577706218492	id_202
10	1577706740547	id_203
10	1577707631996	id_204
10	1577709767331	id_205
10	1577713184801	id_206
10	1577715207431	id_207
10	1577720942523	id_208
10	1577727232229	id_209
10	1577733809235	id_210
10	1577735002550	id_211
10	1577749907255	id_212
10	1577756103326	id_213
10	1577757040388	id_214
10	1577780804368	id_215
10	1577783244412	id_216
10	1577786647686	id_217
10	1577791421142	id_218
10	1577794093598	id_219
10	1577795885426	id_220
10	1577797639739	id_221
10	1577800525126	id_222
10	1577801176565	id_223
10	1577810667931	id_224